,Territorio,Anno,Quintali,Var.%,Classifica,id
0,Agrigento,2006,1590000,0.0,11,84
1,Alessandria,2006,1280640,0.0,19,6
2,Ancona,2006,460519,0.0,44,42
3,Arezzo,2006,300000,0.0,50,51
4,Ascoli Piceno,2006,864963,0.0,26,44
5,Asti,2006,1537650,0.0,13,5
6,Avellino,2006,519900,0.0,39,64
7,Bari,2006,1686560,0.0,9,72
8,Belluno,2006,7700,0.0,97,25
9,Benevento,2006,1353400,0.0,18,62
10,Bergamo,2006,59786,0.0,84,16
11,Biella,2006,21418,0.0,91,96
12,Bologna,2006,1120000,0.0,21,37
13,Bolzano/Bozen,2006,477900,0.0,43,21
14,Brescia,2006,281166,0.0,52,17
15,Brindisi,2006,1600000,0.0,10,74
16,Cagliari,2006,529240,0.0,38,92
17,Caltanissetta,2006,564100,0.0,34,85
18,Campobasso,2006,480000,0.0,42,70
19,Caserta,2006,312275,0.0,49,61
20,Catania,2006,175000,0.0,61,87
21,Catanzaro,2006,87900,0.0,76,79
22,Chieti,2006,3376400,0.0,3,69
23,Como,2006,805,0.0,102,13
24,Cosenza,2006,249500,0.0,55,78
25,Cremona,2006,10584,0.0,96,19
26,Crotone,2006,177244,0.0,60,101
27,Cuneo,2006,1427000,0.0,16,4
28,Enna,2006,68700,0.0,80,86
29,Ferrara,2006,108324,0.0,72,38
30,Firenze,2006,1076500,0.0,22,48
31,Foggia,2006,5320000,0.0,1,71
32,Forlì-Cesena,2006,858706,0.0,27,40
33,Frosinone,2006,166524,0.0,63,60
34,Genova,2006,16000,0.0,93,10
35,Gorizia,2006,280500,0.0,53,31
36,Grosseto,2006,576000,0.0,33,53
37,Imperia,2006,25228,0.0,89,8
38,Isernia,2006,31000,0.0,88,94
39,L'Aquila,2006,66000,0.0,83,66
40,La Spezia,2006,68315,0.0,81,11
41,Latina,2006,484500,0.0,41,59
42,Lecce,2006,808800,0.0,29,75
43,Lecco,2006,5140,0.0,98,97
44,Livorno,2006,189750,0.0,59,49
45,Lodi,2006,2720,0.0,99,98
46,Lucca,2006,82256,0.0,77,46
47,Macerata,2006,120662,0.0,71,43
48,Mantova,2006,163578,0.0,64,20
49,Massa-Carrara,2006,88000,0.0,75,45
50,Matera,2006,214835,0.0,57,77
51,Messina,2006,130900,0.0,67,83
52,Milano,2006,15646,0.0,94,15
53,Modena,2006,1379133,0.0,17,36
54,Napoli,2006,233350,0.0,56,63
55,Novara,2006,43000,0.0,85,3
56,Nuoro,2006,293550,0.0,51,91
57,Oristano,2006,105340,0.0,73,95
58,Padova,2006,764000,0.0,30,28
59,Palermo,2006,1750000,0.0,8,82
60,Parma,2006,122172,0.0,70,34
61,Pavia,2006,973258,0.0,24,18
62,Perugia,2006,915200,0.0,25,54
63,Pesaro e Urbino,2006,97507,0.0,74,41
64,Pescara,2006,442100,0.0,45,68
65,Piacenza,2006,537445,0.0,37,33
66,Pisa,2006,268650,0.0,54,50
67,Pistoia,2006,76532,0.0,79,47
68,Pordenone,2006,552000,0.0,36,93
69,Potenza,2006,171030,0.0,62,76
70,Prato,2006,23940,0.0,90,100
71,Ragusa,2006,160000,0.0,65,88
72,Ravenna,2006,2961500,0.0,6,39
73,Reggio di Calabria,2006,124397,0.0,69,80
74,Reggio nell'Emilia,2006,1550945,0.0,12,35
75,Rieti,2006,129000,0.0,68,57
76,Rimini,2006,314050,0.0,47,99
77,Roma,2006,1759946,0.0,7,58
78,Rovigo,2006,67560,0.0,82,29
79,Salerno,2006,484960,0.0,40,65
80,Sassari,2006,373130,0.0,46,90
81,Savona,2006,34188,0.0,87,9
82,Siena,2006,1450000,0.0,15,52
83,Siracusa,2006,158270,0.0,66,89
84,Sondrio,2006,79340,0.0,78,14
85,Taranto,2006,1027800,0.0,23,73
86,Teramo,2006,313850,0.0,48,67
87,Terni,2006,667250,0.0,31,55
88,Torino,2006,194850,0.0,58,1
89,Trapani,2006,4672000,0.0,2,81
90,Trento,2006,1158960,0.0,20,22
91,Treviso,2006,3287121,0.0,5,26
92,Trieste,2006,21000,0.0,92,32
93,Udine,2006,650000,0.0,32,30
94,Varese,2006,980,0.0,101,12
95,Venezia,2006,838451,0.0,28,27
96,Verbano-Cusio-Ossola,2006,2220,0.0,100,103
97,Vercelli,2006,13228,0.0,95,2
98,Verona,2006,3320500,0.0,4,23
99,Vibo Valentia,2006,36790,0.0,86,102
100,Vicenza,2006,1490000,0.0,14,24
101,Viterbo,2006,562620,0.0,35,56
0,Agrigento,2007,830300,-47.78,25,84
1,Alessandria,2007,1043480,-18.52,18,6
2,Ancona,2007,414467,-10.0,41,42
3,Arezzo,2007,270000,-10.0,50,51
4,Ascoli Piceno,2007,607124,-29.81,32,44
5,Asti,2007,1437600,-6.51,11,5
6,Avellino,2007,442180,-14.95,40,64
7,Bari,2007,1198200,-28.96,16,72
8,Belluno,2007,6200,-19.48,97,25
9,Benevento,2007,1170835,-13.49,17,62
10,Bergamo,2007,53075,-11.23,83,16
11,Biella,2007,24127,12.65,90,96
12,Bologna,2007,980200,-12.48,21,37
13,Bolzano/Bozen,2007,490200,2.57,38,21
14,Brescia,2007,380450,35.31,46,17
15,Brindisi,2007,814000,-49.12,27,74
16,Cagliari,2007,545880,3.14,35,92
17,Caltanissetta,2007,564100,0.0,34,85
18,Campobasso,2007,408000,-15.0,43,70
19,Caserta,2007,267085,-14.47,51,61
20,Catania,2007,190000,8.57,58,87
21,Catanzaro,2007,60585,-31.08,80,79
22,Chieti,2007,2361250,-30.07,6,69
23,Como,2007,805,0.0,102,13
24,Cosenza,2007,201079,-19.41,57,78
25,Cremona,2007,6860,-35.19,96,19
26,Crotone,2007,185275,4.53,60,101
27,Cuneo,2007,1200000,-15.91,15,4
28,Enna,2007,66000,-3.93,79,86
29,Ferrara,2007,94500,-12.76,72,38
30,Firenze,2007,988700,-8.16,20,48
31,Foggia,2007,4251250,-20.09,1,71
32,Forlì-Cesena,2007,748143,-12.88,28,40
33,Frosinone,2007,102870,-38.23,69,60
34,Genova,2007,17000,6.25,94,10
35,Gorizia,2007,306000,9.09,48,31
36,Grosseto,2007,600000,4.17,33,53
37,Imperia,2007,25704,1.89,89,8
38,Isernia,2007,26350,-15.0,88,94
39,L'Aquila,2007,49300,-25.3,84,66
40,La Spezia,2007,58179,-14.84,81,11
41,Latina,2007,410600,-15.25,42,59
42,Lecce,2007,679250,-16.02,30,75
43,Lecco,2007,3460,-32.68,98,97
44,Livorno,2007,187344,-1.27,59,49
45,Lodi,2007,2720,0.0,99,98
46,Lucca,2007,70600,-14.17,76,46
47,Macerata,2007,102441,-15.1,70,43
48,Mantova,2007,203580,24.45,56,20
49,Massa-Carrara,2007,88500,0.57,73,45
50,Matera,2007,180150,-16.14,62,77
51,Messina,2007,140250,7.14,66,83
52,Milano,2007,19085,21.98,93,15
53,Modena,2007,1511335,9.59,9,36
54,Napoli,2007,216150,-7.37,54,63
55,Novara,2007,41202,-4.18,85,3
56,Nuoro,2007,302887,3.18,49,91
57,Oristano,2007,108220,2.73,68,95
58,Padova,2007,829200,8.53,26,28
59,Palermo,2007,1230000,-29.71,13,82
60,Parma,2007,97528,-20.17,71,34
61,Pavia,2007,851381,-12.52,24,18
62,Perugia,2007,901472,-1.5,22,54
63,Pesaro e Urbino,2007,87348,-10.42,74,41
64,Pescara,2007,310450,-29.78,47,68
65,Piacenza,2007,507785,-5.52,37,33
66,Pisa,2007,223600,-16.77,52,50
67,Pistoia,2007,70409,-8.0,77,47
68,Pordenone,2007,639000,15.76,31,93
69,Potenza,2007,161650,-5.48,63,76
70,Prato,2007,21546,-10.0,91,100
71,Ragusa,2007,183000,14.38,61,88
72,Ravenna,2007,2688000,-9.24,5,39
73,Reggio di Calabria,2007,113987,-8.37,67,80
74,Reggio nell'Emilia,2007,1543916,-0.45,7,35
75,Rieti,2007,56660,-56.08,82,57
76,Rimini,2007,208706,-33.54,55,99
77,Roma,2007,1501670,-14.68,10,58
78,Rovigo,2007,66080,-2.19,78,29
79,Salerno,2007,382989,-21.03,45,65
80,Sassari,2007,386850,3.68,44,90
81,Savona,2007,30970,-9.41,87,9
82,Siena,2007,1538000,6.07,8,52
83,Siracusa,2007,156970,-0.82,64,89
84,Sondrio,2007,76850,-3.14,75,14
85,Taranto,2007,1010000,-1.73,19,73
86,Teramo,2007,218175,-30.48,53,67
87,Terni,2007,525877,-21.19,36,55
88,Torino,2007,147000,-24.56,65,1
89,Trapani,2007,3800000,-18.66,2,81
90,Trento,2007,1225712,5.76,14,22
91,Treviso,2007,3672246,11.72,3,26
92,Trieste,2007,21000,0.0,92,32
93,Udine,2007,720000,10.77,29,30
94,Varese,2007,982,0.2,101,12
95,Venezia,2007,867102,3.42,23,27
96,Verbano-Cusio-Ossola,2007,2080,-6.31,100,103
97,Vercelli,2007,13260,0.24,95,2
98,Verona,2007,3600078,8.42,4,23
99,Vibo Valentia,2007,36364,-1.16,86,102
100,Vicenza,2007,1424766,-4.38,12,24
101,Viterbo,2007,449313,-20.14,39,56
0,Agrigento,2008,1004000,20.92,22,84
1,Alessandria,2008,964180,-7.6,25,6
2,Ancona,2008,450000,8.57,38,42
3,Arezzo,2008,189000,-30.0,61,51
4,Ascoli Piceno,2008,613100,0.98,31,44
5,Asti,2008,1338480,-6.89,12,5
6,Avellino,2008,461600,4.39,36,64
7,Bari,2008,1647134,37.47,7,72
8,Belluno,2008,5800,-6.45,97,25
9,Benevento,2008,1113750,-4.88,17,62
10,Bergamo,2008,54256,2.23,82,16
11,Biella,2008,20882,-13.45,92,96
12,Bologna,2008,1079000,10.08,20,37
13,Bolzano/Bozen,2008,460600,-6.04,37,21
14,Brescia,2008,410960,8.02,41,17
15,Brindisi,2008,1100000,35.14,19,74
16,Cagliari,2008,230753,-57.73,55,92
17,Caltanissetta,2008,564100,0.0,33,85
18,Campobasso,2008,408000,0.0,42,70
19,Caserta,2008,274819,2.9,48,61
20,Catania,2008,225000,18.42,57,87
21,Catanzaro,2008,100450,65.8,69,79
22,Chieti,2008,3301400,39.82,5,69
23,Como,2008,835,3.73,102,13
24,Cosenza,2008,236214,17.47,54,78
25,Cremona,2008,3360,-51.02,99,19
26,Crotone,2008,172306,-7.0,62,101
27,Cuneo,2008,1103870,-8.01,18,4
28,Enna,2008,63000,-4.55,79,86
29,Ferrara,2008,99604,5.4,70,38
30,Firenze,2008,994500,0.59,23,48
31,Foggia,2008,5130000,20.67,1,71
32,Forlì-Cesena,2008,768789,2.76,27,40
33,Frosinone,2008,84353,-18.0,72,60
34,Genova,2008,16300,-4.12,94,10
35,Gorizia,2008,280500,-8.33,47,31
36,Grosseto,2008,592500,-1.25,32,53
37,Imperia,2008,22113,-13.97,90,8
38,Isernia,2008,26350,0.0,89,94
39,L'Aquila,2008,40500,-17.85,85,66
40,La Spezia,2008,54000,-7.18,83,11
41,Latina,2008,365600,-10.96,44,59
42,Lecce,2008,964950,42.06,24,75
43,Lecco,2008,3445,-0.43,98,97
44,Livorno,2008,199600,6.54,60,49
45,Lodi,2008,2720,0.0,100,98
46,Lucca,2008,68036,-3.63,76,46
47,Macerata,2008,99064,-3.3,71,43
48,Mantova,2008,220370,8.25,58,20
49,Massa-Carrara,2008,54000,-38.98,83,45
50,Matera,2008,169341,-6.0,63,77
51,Messina,2008,210000,49.73,59,83
52,Milano,2008,15709,-17.69,95,15
53,Modena,2008,1247904,-17.43,15,36
54,Napoli,2008,258600,19.64,50,63
55,Novara,2008,36288,-11.93,86,3
56,Nuoro,2008,254254,-16.06,51,91
57,Oristano,2008,154919,43.15,65,95
58,Padova,2008,707100,-14.73,29,28
59,Palermo,2008,1550000,26.02,9,82
60,Parma,2008,74286,-23.83,75,34
61,Pavia,2008,1018081,19.58,21,18
62,Perugia,2008,760800,-15.6,28,54
63,Pesaro e Urbino,2008,81800,-6.35,73,41
64,Pescara,2008,350500,12.9,45,68
65,Piacenza,2008,418620,-17.56,40,33
66,Pisa,2008,253136,13.21,53,50
67,Pistoia,2008,66889,-5.0,77,47
68,Pordenone,2008,552000,-13.62,34,93
69,Potenza,2008,151951,-6.0,66,76
70,Prato,2008,20480,-4.95,93,100
71,Ragusa,2008,115000,-37.16,67,88
72,Ravenna,2008,3050000,13.47,6,39
73,Reggio di Calabria,2008,107282,-5.88,68,80
74,Reggio nell'Emilia,2008,1300792,-15.75,14,35
75,Rieti,2008,56600,-0.11,81,57
76,Rimini,2008,282959,35.58,46,99
77,Roma,2008,1568616,4.46,8,58
78,Rovigo,2008,63470,-3.95,78,29
79,Salerno,2008,473008,23.5,35,65
80,Sassari,2008,266490,-31.11,49,90
81,Savona,2008,30720,-0.81,88,9
82,Siena,2008,1538000,0.0,10,52
83,Siracusa,2008,161000,2.57,64,89
84,Sondrio,2008,59555,-22.5,80,14
85,Sud Sardegna,2008,225269,411.93,56,111
86,Taranto,2008,1427300,41.32,11,73
87,Teramo,2008,253890,16.37,52,67
88,Terni,2008,434445,-17.39,39,55
89,Torino,2008,79850,-45.68,74,1
90,Trapani,2008,4620000,21.58,2,81
91,Trento,2008,1139912,-7.0,16,22
92,Treviso,2008,3780000,2.93,4,26
93,Trieste,2008,21000,0.0,91,32
94,Udine,2008,650000,-9.72,30,30
95,Varese,2008,822,-16.29,103,12
96,Venezia,2008,862350,-0.55,26,27
97,Verbano-Cusio-Ossola,2008,1770,-14.9,101,103
98,Vercelli,2008,12648,-4.62,96,2
99,Verona,2008,4050000,12.5,3,23
100,Vibo Valentia,2008,34182,-6.0,87,102
101,Vicenza,2008,1312800,-7.86,13,24
102,Viterbo,2008,406857,-9.45,43,56
0,Agrigento,2009,1482000,47.61,9,84
1,Alessandria,2009,1060200,9.96,20,6
2,Ancona,2009,378609,-15.86,44,42
3,Arezzo,2009,186000,-1.59,60,51
4,Ascoli Piceno,2009,563751,-8.05,33,44
5,Asti,2009,1483680,10.85,8,5
6,Avellino,2009,433300,-6.13,40,64
7,Bari,2009,1410000,-14.4,12,72
8,Belluno,2009,7200,24.14,97,25
9,Benevento,2009,1171585,5.19,18,62
10,Bergamo,2009,55325,1.97,82,16
11,Biella,2009,23540,12.73,90,96
12,Bologna,2009,1218700,12.95,16,37
13,Bolzano/Bozen,2009,465400,1.04,38,21
14,Brescia,2009,410466,-0.12,41,17
15,Brindisi,2009,860000,-21.82,25,74
16,Cagliari,2009,200300,-13.2,57,92
17,Caltanissetta,2009,564100,0.0,32,85
18,Campobasso,2009,408000,0.0,42,70
19,Caserta,2009,266527,-3.02,48,61
20,Catania,2009,190000,-15.56,59,87
21,Catanzaro,2009,97200,-3.24,72,79
22,Chieti,2009,2751400,-16.66,6,69
23,Como,2009,1035,23.95,103,13
24,Cosenza,2009,219691,-6.99,52,78
25,Cremona,2009,3640,8.33,98,19
26,Crotone,2009,158275,-8.14,64,101
27,Cuneo,2009,1240000,12.33,15,4
28,Enna,2009,66000,4.76,79,86
29,Ferrara,2009,99600,-0.0,71,38
30,Firenze,2009,987500,-0.7,23,48
31,Foggia,2009,4446000,-13.33,1,71
32,Forlì-Cesena,2009,791707,2.98,27,40
33,Frosinone,2009,180000,113.39,61,60
34,Genova,2009,12460,-23.56,95,10
35,Gorizia,2009,218938,-21.95,54,31
36,Grosseto,2009,529500,-10.63,35,53
37,Imperia,2009,36360,64.43,87,8
38,Isernia,2009,26350,0.0,89,94
39,L'Aquila,2009,43000,6.17,85,66
40,La Spezia,2009,58000,7.41,80,11
41,Latina,2009,380000,3.94,43,59
42,Lecce,2009,751000,-22.17,28,75
43,Lecco,2009,3465,0.58,99,97
44,Livorno,2009,192231,-3.69,58,49
45,Lodi,2009,2640,-2.94,100,98
46,Lucca,2009,67800,-0.35,78,46
47,Macerata,2009,89268,-9.89,73,43
48,Mantova,2009,211314,-4.11,55,20
49,Massa-Carrara,2009,54200,0.37,83,45
50,Matera,2009,108109,-36.16,69,77
51,Messina,2009,175000,-16.67,62,83
52,Milano,2009,19858,26.41,92,15
53,Modena,2009,1465320,17.42,11,36
54,Napoli,2009,266300,2.98,49,63
55,Novara,2009,37500,3.34,86,3
56,Nuoro,2009,251100,-1.24,50,91
57,Oristano,2009,122826,-20.72,67,95
58,Padova,2009,690940,-2.29,29,28
59,Palermo,2009,1031163,-33.47,21,82
60,Parma,2009,85232,14.73,74,34
61,Pavia,2009,1020855,0.27,22,18
62,Perugia,2009,906400,19.14,24,54
63,Pesaro e Urbino,2009,74540,-8.88,75,41
64,Pescara,2009,308200,-12.07,45,68
65,Piacenza,2009,599766,43.27,31,33
66,Pisa,2009,248400,-1.87,51,50
67,Pistoia,2009,71150,6.37,77,47
68,Pordenone,2009,550874,-0.2,34,93
69,Potenza,2009,131544,-13.43,66,76
70,Prato,2009,19350,-5.52,93,100
71,Ragusa,2009,121000,5.22,68,88
72,Ravenna,2009,3064255,0.47,5,39
73,Reggio di Calabria,2009,105222,-1.92,70,80
74,Reggio nell'Emilia,2009,1505189,15.71,7,35
75,Rieti,2009,45000,-20.49,84,57
76,Rimini,2009,286882,1.39,46,99
77,Roma,2009,1203440,-23.28,17,58
78,Rovigo,2009,56550,-10.9,81,29
79,Salerno,2009,448929,-5.09,39,65
80,Sassari,2009,219423,-17.66,53,90
81,Savona,2009,30840,0.39,88,9
82,Siena,2009,1478500,-3.87,10,52
83,Siracusa,2009,161000,0.0,63,89
84,Sondrio,2009,73260,23.01,76,14
85,Sud Sardegna,2009,204267,-9.32,56,111
86,Taranto,2009,1073730,-24.77,19,73
87,Teramo,2009,279850,10.22,47,67
88,Terni,2009,503500,15.89,37,55
89,Torino,2009,138750,73.76,65,1
90,Trapani,2009,4150000,-10.17,2,81
91,Trento,2009,1308300,14.77,14,22
92,Treviso,2009,3929550,3.96,4,26
93,Trieste,2009,22600,7.62,91,32
94,Udine,2009,620088,-4.6,30,30
95,Varese,2009,1108,34.79,102,12
96,Venezia,2009,836860,-2.96,26,27
97,Verbano-Cusio-Ossola,2009,2479,40.06,101,103
98,Vercelli,2009,11935,-5.64,96,2
99,Verona,2009,4100000,1.23,3,23
100,Vibo Valentia,2009,18000,-47.34,94,102
101,Vicenza,2009,1317700,0.37,13,24
102,Viterbo,2009,523106,28.57,36,56
0,Agrigento,2010,1018000,-31.31,25,84
1,Alessandria,2010,1160350,9.45,20,6
2,Ancona,2010,385500,1.82,44,42
3,Arezzo,2010,372000,100.0,45,51
4,Ascoli Piceno,2010,489000,-13.26,37,44
5,Asti,2010,1466960,-1.13,10,5
6,Avellino,2010,465100,7.34,40,64
7,Bari,2010,770000,-45.39,29,72
8,Barletta-Andria-Trani,2010,1520000,66.85,9,110
9,Belluno,2010,6740,-6.39,97,25
10,Benevento,2010,1172020,0.04,19,62
11,Bergamo,2010,54020,-2.36,82,16
12,Biella,2010,27583,17.18,91,96
13,Bologna,2010,1044400,-14.3,22,37
14,Bolzano/Bozen,2010,391000,-15.99,43,21
15,Brescia,2010,482747,17.61,38,17
16,Brindisi,2010,1200000,39.53,18,74
17,Cagliari,2010,176179,-12.04,61,92
18,Caltanissetta,2010,822000,45.72,27,85
19,Campobasso,2010,367200,-10.0,46,70
20,Caserta,2010,274400,2.95,50,61
21,Catania,2010,150000,-21.05,65,87
22,Catanzaro,2010,92857,-4.47,74,79
23,Chieti,2010,3300000,19.94,5,69
24,Como,2010,1035,0.0,105,13
25,Cosenza,2010,236769,7.77,54,78
26,Cremona,2010,4410,21.15,99,19
27,Crotone,2010,141952,-10.31,66,101
28,Cuneo,2010,1290000,4.03,14,4
29,Enna,2010,66000,0.0,80,86
30,Fermo,2010,163000,690.69,62,109
31,Ferrara,2010,95760,-3.86,73,38
32,Firenze,2010,1287870,30.42,15,48
33,Foggia,2010,4085000,-8.12,2,71
34,Forlì-Cesena,2010,779519,-1.54,28,40
35,Frosinone,2010,181800,1.0,60,60
36,Genova,2010,2500,-79.94,103,10
37,Gorizia,2010,301740,37.82,49,31
38,Grosseto,2010,550000,3.87,35,53
39,Imperia,2010,34924,-3.95,89,8
40,Isernia,2010,23715,-10.0,92,94
41,L'Aquila,2010,45150,5.0,84,66
42,La Spezia,2010,35000,-39.66,88,11
43,Latina,2010,399700,5.18,42,59
44,Lecce,2010,1085000,44.47,21,75
45,Lecco,2010,3465,0.0,100,97
46,Livorno,2010,195000,1.44,59,49
47,Lodi,2010,2542,-3.71,102,98
48,Lucca,2010,51870,-23.5,83,46
49,Macerata,2010,115400,29.27,70,43
50,Mantova,2010,203138,-3.87,57,20
51,Massa-Carrara,2010,70200,29.52,78,45
52,Matera,2010,84300,-22.02,76,77
53,Messina,2010,140000,-20.0,67,83
54,Milano,2010,21055,6.03,93,15
55,Modena,2010,1573564,7.39,7,36
56,Monza e della Brianza,2010,160,-99.99,106,108
57,Napoli,2010,253800,-4.69,53,63
58,Novara,2010,40000,6.67,86,3
59,Nuoro,2010,226272,-9.89,55,91
60,Oristano,2010,115661,-5.83,69,95
61,Padova,2010,685150,-0.84,32,28
62,Palermo,2010,1270139,23.18,16,82
63,Parma,2010,80031,-6.1,77,34
64,Pavia,2010,1040571,1.93,23,18
65,Perugia,2010,750000,-17.26,31,54
66,Pesaro e Urbino,2010,88750,19.06,75,41
67,Pescara,2010,437588,41.98,41,68
68,Piacenza,2010,668200,11.41,33,33
69,Pisa,2010,260000,4.67,51,50
70,Pistoia,2010,66889,-5.99,79,47
71,Pordenone,2010,840848,52.64,26,93
72,Potenza,2010,121289,-7.8,68,76
73,Prato,2010,20145,4.11,94,100
74,Ragusa,2010,104300,-13.8,72,88
75,Ravenna,2010,2792100,-8.88,6,39
76,Reggio di Calabria,2010,108830,3.43,71,80
77,Reggio nell'Emilia,2010,1452615,-3.49,11,35
78,Rieti,2010,40000,-11.11,86,57
79,Rimini,2010,258240,-9.98,52,99
80,Roma,2010,1024575,-14.86,24,58
81,Rovigo,2010,42160,-25.45,85,29
82,Salerno,2010,477802,6.43,39,65
83,Sassari,2010,211337,-3.69,56,90
84,Savona,2010,28160,-8.69,90,9
85,Siena,2010,1362000,-7.88,13,52
86,Siracusa,2010,154000,-4.35,64,89
87,Sondrio,2010,65036,-11.23,81,14
88,Sud Sardegna,2010,195587,-4.25,58,111
89,Taranto,2010,1566000,45.85,8,73
90,Teramo,2010,305025,9.0,48,67
91,Terni,2010,531000,5.46,36,55
92,Torino,2010,155700,12.22,63,1
93,Trapani,2010,3740000,-9.88,4,81
94,Trento,2010,1250100,-4.45,17,22
95,Treviso,2010,4038562,2.77,3,26
96,Trieste,2010,6015,-73.38,98,32
97,Udine,2010,625523,0.88,34,30
98,Varese,2010,1169,5.51,104,12
99,Venezia,2010,755020,-9.78,30,27
100,Verbano-Cusio-Ossola,2010,2960,19.4,101,103
101,Vercelli,2010,13212,10.7,96,2
102,Verona,2010,4250000,3.66,1,23
103,Vibo Valentia,2010,18600,3.33,95,102
104,Vicenza,2010,1370200,3.98,12,24
105,Viterbo,2010,366175,-30.0,47,56
0,Agrigento,2011,1130500,11.05,17,84
1,Alessandria,2011,1029050,-11.32,21,6
2,Arezzo,2011,316200,-15.0,43,51
3,Asti,2011,1204554,-17.89,15,5
4,Avellino,2011,465100,0.0,39,64
5,Bari,2011,520000,-32.47,33,72
6,Barletta-Andria-Trani,2011,1750000,15.13,7,110
7,Belluno,2011,2112,-68.66,98,25
8,Benevento,2011,1086545,-7.29,19,62
9,Bergamo,2011,53357,-1.23,76,16
10,Biella,2011,20480,-25.75,87,96
11,Bologna,2011,975470,-6.6,23,37
12,Bolzano/Bozen,2011,489460,25.18,36,21
13,Brescia,2011,456071,-5.53,40,17
14,Brindisi,2011,1003000,-16.42,22,74
15,Cagliari,2011,184988,5.0,58,92
16,Caltanissetta,2011,518663,-36.9,34,85
17,Campobasso,2011,345168,-6.0,42,70
18,Caserta,2011,274400,0.0,48,61
19,Catania,2011,120000,-20.0,64,87
20,Catanzaro,2011,78928,-15.0,70,79
21,Chieti,2011,2377000,-27.97,6,69
22,Como,2011,1035,0.0,100,13
23,Cosenza,2011,236769,0.0,50,78
24,Cremona,2011,4320,-2.04,93,19
25,Crotone,2011,120659,-15.0,63,101
26,Cuneo,2011,1239000,-3.95,13,4
27,Enna,2011,31500,-52.27,82,86
28,Ferrara,2011,82460,-13.89,69,38
29,Firenze,2011,1118000,-13.19,18,48
30,Foggia,2011,3780000,-7.47,3,71
31,Forlì-Cesena,2011,647065,-16.99,29,40
32,Frosinone,2011,163620,-10.0,59,60
33,Genova,2011,4000,60.0,94,10
34,Gorizia,2011,286653,-5.0,45,31
35,Grosseto,2011,501930,-8.74,35,53
36,Imperia,2011,36670,5.0,81,8
37,Isernia,2011,22292,-6.0,85,94
38,L'Aquila,2011,29800,-34.0,83,66
39,La Spezia,2011,50500,44.29,77,11
40,Latina,2011,284900,-28.72,46,59
41,Lecce,2011,800000,-26.27,25,75
42,Lecco,2011,3575,3.17,95,97
43,Livorno,2011,200000,2.56,56,49
44,Lodi,2011,2542,0.0,97,98
45,Lucca,2011,43220,-16.68,78,46
46,Mantova,2011,197210,-2.92,57,20
47,Massa-Carrara,2011,69700,-0.71,73,45
48,Matera,2011,75870,-10.0,72,77
49,Messina,2011,126000,-10.0,60,83
50,Milano,2011,20540,-2.45,86,15
51,Modena,2011,1345500,-14.49,9,36
52,Monza e della Brianza,2011,165,3.12,101,108
53,Napoli,2011,253800,0.0,49,63
54,Novara,2011,38750,-3.12,80,3
55,Nuoro,2011,222296,-1.76,53,91
56,Oristano,2011,121444,5.0,62,95
57,Padova,2011,646069,-5.7,30,28
58,Palermo,2011,843506,-33.59,24,82
59,Parma,2011,76034,-4.99,71,34
60,Pavia,2011,1045622,0.49,20,18
61,Perugia,2011,751000,0.13,28,54
62,Pescara,2011,300100,-31.42,44,68
63,Piacenza,2011,573752,-14.13,32,33
64,Pisa,2011,225000,-13.46,52,50
65,Pistoia,2011,59531,-11.0,75,47
66,Pordenone,2011,798806,-5.0,26,93
67,Potenza,2011,109160,-10.0,66,76
68,Prato,2011,14500,-28.02,90,100
69,Ragusa,2011,120000,15.05,64,88
70,Ravenna,2011,3174350,13.69,4,39
71,Reggio di Calabria,2011,92505,-15.0,67,80
72,Reggio nell'Emilia,2011,1305315,-10.14,12,35
73,Rieti,2011,40000,0.0,79,57
74,Rimini,2011,230510,-10.74,51,99
75,Roma,2011,1340000,30.79,10,58
76,Rovigo,2011,17820,-57.73,89,29
77,Salerno,2011,477802,0.0,38,65
78,Sassari,2011,208915,-1.15,54,90
79,Savona,2011,24500,-13.0,84,9
80,Siena,2011,1362000,0.0,8,52
81,Siracusa,2011,82700,-46.3,68,89
82,Sondrio,2011,66576,2.37,74,14
83,Sud Sardegna,2011,205366,5.0,55,111
84,Taranto,2011,1312000,-16.22,11,73
85,Teramo,2011,278650,-8.65,47,67
86,Terni,2011,478000,-9.98,37,55
87,Torino,2011,125290,-19.53,61,1
88,Trapani,2011,2718750,-27.31,5,81
89,Trento,2011,1173533,-6.12,16,22
90,Treviso,2011,4130085,2.27,2,26
91,Trieste,2011,5714,-5.0,92,32
92,Udine,2011,594247,-5.0,31,30
93,Varese,2011,1216,4.02,99,12
94,Venezia,2011,780000,3.31,27,27
95,Verbano-Cusio-Ossola,2011,2960,0.0,96,103
96,Vercelli,2011,12715,-3.76,91,2
97,Verona,2011,4365693,2.72,1,23
98,Vibo Valentia,2011,18474,-0.68,88,102
99,Vicenza,2011,1231580,-10.12,14,24
100,Viterbo,2011,411421,12.36,41,56
0,Agrigento,2012,1114700,-1.4,14,84
1,Alessandria,2012,893200,-13.2,22,6
2,Ancona,2012,308400,-20.0,43,42
3,Arezzo,2012,313950,-0.71,42,51
4,Ascoli Piceno,2012,391200,-20.0,39,44
5,Asti,2012,1140375,-5.33,13,5
6,Avellino,2012,388000,-16.58,41,64
7,Bari,2012,520000,0.0,33,72
8,Barletta-Andria-Trani,2012,1600000,-8.57,7,110
9,Belluno,2012,2775,31.39,102,25
10,Benevento,2012,1110450,2.2,15,62
11,Bergamo,2012,40094,-24.86,83,16
12,Biella,2012,17660,-13.77,92,96
13,Bologna,2012,962000,-1.38,21,37
14,Bolzano/Bozen,2012,510000,4.2,34,21
15,Brescia,2012,404752,-11.25,38,17
16,Brindisi,2012,850000,-15.25,23,74
17,Cagliari,2012,233457,26.2,51,92
18,Caltanissetta,2012,693840,33.77,26,85
19,Campobasso,2012,408000,18.2,37,70
20,Caserta,2012,224699,-18.11,52,61
21,Catania,2012,125000,4.17,64,87
22,Catanzaro,2012,110040,39.42,67,79
23,Chieti,2012,2615500,10.03,6,69
24,Como,2012,989,-4.44,105,13
25,Cosenza,2012,161136,-31.94,61,78
26,Cremona,2012,3528,-18.33,98,19
27,Crotone,2012,80600,-33.2,72,101
28,Cuneo,2012,1070000,-13.64,16,4
29,Enna,2012,21700,-31.11,88,86
30,Fermo,2012,130400,-20.0,62,109
31,Ferrara,2012,73250,-11.17,75,38
32,Firenze,2012,1036180,-7.32,19,48
33,Foggia,2012,3200000,-15.34,4,71
34,Forlì-Cesena,2012,655488,1.3,27,40
35,Frosinone,2012,128260,-21.61,63,60
36,Genova,2012,3431,-14.22,99,10
37,Gorizia,2012,260854,-9.0,48,31
38,Grosseto,2012,501930,0.0,36,53
39,Imperia,2012,32000,-12.74,86,8
40,Isernia,2012,26350,18.2,87,94
41,L'Aquila,2012,21000,-29.53,89,66
42,La Spezia,2012,40000,-20.79,84,11
43,Latina,2012,302500,6.18,44,59
44,Lecce,2012,750000,-6.25,25,75
45,Lecco,2012,3000,-16.08,100,97
46,Livorno,2012,201180,0.59,55,49
47,Lodi,2012,2040,-19.75,103,98
48,Lucca,2012,41538,-3.89,82,46
49,Macerata,2012,92320,-20.0,71,43
50,Mantova,2012,174160,-11.69,58,20
51,Massa-Carrara,2012,69700,0.0,79,45
52,Matera,2012,76780,1.2,73,77
53,Messina,2012,110000,-12.7,68,83
54,Milano,2012,14600,-28.92,95,15
55,Modena,2012,1317312,-2.09,10,36
56,Monza e della Brianza,2012,140,-15.15,106,108
57,Napoli,2012,215900,-14.93,53,63
58,Novara,2012,36600,-5.55,85,3
59,Nuoro,2012,244631,10.05,50,91
60,Oristano,2012,121684,0.2,66,95
61,Padova,2012,552579,-14.47,32,28
62,Palermo,2012,640630,-24.05,28,82
63,Parma,2012,72628,-4.48,76,34
64,Pavia,2012,1056953,1.08,18,18
65,Perugia,2012,563250,-25.0,31,54
66,Pesaro e Urbino,2012,71000,-20.0,77,41
67,Pescara,2012,249100,-16.99,49,68
68,Piacenza,2012,503412,-12.26,35,33
69,Pisa,2012,165000,-26.67,60,50
70,Pistoia,2012,45150,-24.16,81,47
71,Pordenone,2012,612432,-23.33,30,93
72,Potenza,2012,123000,12.68,65,76
73,Prato,2012,14500,0.0,96,100
74,Ragusa,2012,108000,-10.0,69,88
75,Ravenna,2012,3050890,-3.89,5,39
76,Reggio di Calabria,2012,74100,-19.9,74,80
77,Reggio nell'Emilia,2012,1377028,5.49,9,35
78,Rieti,2012,70000,75.0,78,57
79,Rimini,2012,169413,-26.51,59,99
80,Roma,2012,1212000,-9.55,11,58
81,Rovigo,2012,16625,-6.71,93,29
82,Salerno,2012,288000,-39.72,46,65
83,Sassari,2012,262728,25.76,47,90
84,Savona,2012,14700,-40.0,94,9
85,Siena,2012,1491500,9.51,8,52
86,Siracusa,2012,200000,141.84,56,89
87,Sondrio,2012,48552,-27.07,80,14
88,Sud Sardegna,2012,215034,4.71,54,111
89,Taranto,2012,1200000,-8.54,12,73
90,Teramo,2012,302255,8.47,45,67
91,Terni,2012,388281,-18.77,40,55
92,Torino,2012,104968,-16.22,70,1
93,Trapani,2012,4928000,81.26,1,81
94,Trento,2012,1060236,-9.65,17,22
95,Treviso,2012,3854827,-6.66,3,26
96,Trieste,2012,18320,220.62,91,32
97,Udine,2012,632535,6.44,29,30
98,Varese,2012,1269,4.36,104,12
99,Venezia,2012,773407,-0.85,24,27
100,Verbano-Cusio-Ossola,2012,2870,-3.04,101,103
101,Vercelli,2012,12660,-0.43,97,2
102,Verona,2012,4319411,-1.06,2,23
103,Vibo Valentia,2012,18474,0.0,90,102
104,Vicenza,2012,993526,-19.33,20,24
105,Viterbo,2012,180880,-56.04,57,56
0,Agrigento,2013,1244530,11.65,17,84
1,Alessandria,2013,981683,9.91,22,6
2,Ancona,2013,460000,49.16,39,42
3,Arezzo,2013,364800,16.2,44,51
4,Ascoli Piceno,2013,546516,39.7,35,44
5,Asti,2013,1327247,16.39,14,5
6,Avellino,2013,390000,0.52,42,64
7,Bari,2013,810000,55.77,27,72
8,Barletta-Andria-Trani,2013,2400000,50.0,7,110
9,Belluno,2013,4229,52.4,99,25
10,Benevento,2013,1200000,8.06,19,62
11,Bergamo,2013,43970,9.67,84,16
12,Biella,2013,21092,19.43,90,96
13,Bologna,2013,955580,-0.67,23,37
14,Bolzano/Bozen,2013,532200,4.35,36,21
15,Brescia,2013,447166,10.48,40,17
16,Brindisi,2013,935000,10.0,24,74
17,Cagliari,2013,234450,0.43,53,92
18,Caltanissetta,2013,835000,20.34,26,85
19,Campobasso,2013,340522,-16.54,45,70
20,Caserta,2013,191207,-14.91,61,61
21,Catania,2013,140000,12.0,66,87
22,Catanzaro,2013,98940,-10.09,74,79
23,Chieti,2013,2876500,9.98,6,69
24,Como,2013,989,0.0,105,13
25,Cosenza,2013,188176,16.78,62,78
26,Cremona,2013,3626,2.78,100,19
27,Crotone,2013,197300,144.79,59,101
28,Cuneo,2013,1210000,13.08,18,4
29,Enna,2013,23250,7.14,89,86
30,Fermo,2013,157320,20.64,65,109
31,Ferrara,2013,76180,4.0,76,38
32,Firenze,2013,1050000,1.33,21,48
33,Foggia,2013,4675000,46.09,3,71
34,Forlì-Cesena,2013,804267,22.7,28,40
35,Frosinone,2013,171000,33.32,63,60
36,Genova,2013,5928,72.78,98,10
37,Gorizia,2013,259678,-0.45,50,31
38,Grosseto,2013,501930,0.0,38,53
39,Imperia,2013,25000,-21.88,88,8
40,Isernia,2013,60860,130.97,78,94
41,L'Aquila,2013,45000,114.29,82,66
42,La Spezia,2013,40000,0.0,87,11
43,Latina,2013,326000,7.77,48,59
44,Lecce,2013,798000,6.4,29,75
45,Lecco,2013,3050,1.67,101,97
46,Livorno,2013,216000,7.37,57,49
47,Lodi,2013,1610,-21.08,103,98
48,Lucca,2013,44310,6.67,83,46
49,Macerata,2013,163900,77.53,64,43
50,Mantova,2013,232180,33.31,54,20
51,Massa-Carrara,2013,70160,0.66,77,45
52,Matera,2013,96200,25.29,75,77
53,Messina,2013,129960,18.15,67,83
54,Milano,2013,16739,14.65,95,15
55,Modena,2013,1437280,9.11,9,36
56,Monza e della Brianza,2013,150,7.14,106,108
57,Napoli,2013,240500,11.39,52,63
58,Novara,2013,40120,9.62,86,3
59,Nuoro,2013,252032,3.03,51,91
60,Oristano,2013,110306,-9.35,71,95
61,Padova,2013,687137,24.35,30,28
62,Palermo,2013,1307400,104.08,16,82
63,Parma,2013,122480,68.64,69,34
64,Pavia,2013,1381828,30.74,12,18
65,Perugia,2013,630000,11.85,32,54
66,Pesaro e Urbino,2013,107800,51.83,72,41
67,Pescara,2013,434991,74.63,41,68
68,Piacenza,2013,522056,3.7,37,33
69,Pisa,2013,220000,33.33,56,50
70,Pistoia,2013,40350,-10.63,85,47
71,Pordenone,2013,587638,-4.05,34,93
72,Potenza,2013,128380,4.37,68,76
73,Prato,2013,19500,34.48,92,100
74,Ragusa,2013,104000,-3.7,73,88
75,Ravenna,2013,3999900,31.11,5,39
76,Reggio di Calabria,2013,53105,-28.33,80,80
77,Reggio nell'Emilia,2013,1409035,2.32,10,35
78,Rieti,2013,50000,-28.57,81,57
79,Rimini,2013,204539,20.73,58,99
80,Roma,2013,1318225,8.76,15,58
81,Rovigo,2013,11982,-27.93,97,29
82,Salerno,2013,608000,111.11,33,65
83,Sassari,2013,294677,12.16,49,90
84,Savona,2013,18200,23.81,94,9
85,Siena,2013,1504000,0.84,8,52
86,Siracusa,2013,193000,-3.5,60,89
87,Sondrio,2013,55941,15.22,79,14
88,Sud Sardegna,2013,221845,3.17,55,111
89,Taranto,2013,1395000,16.25,11,73
90,Teramo,2013,326800,8.12,47,67
91,Terni,2013,380000,-2.13,43,55
92,Torino,2013,118012,12.43,70,1
93,Trapani,2013,5994600,21.64,1,81
94,Trento,2013,1366416,28.88,13,22
95,Treviso,2013,4895188,26.99,2,26
96,Trieste,2013,20202,10.27,91,32
97,Udine,2013,643625,1.75,31,30
98,Varese,2013,1212,-4.49,104,12
99,Venezia,2013,897350,16.03,25,27
100,Verbano-Cusio-Ossola,2013,2377,-17.18,102,103
101,Vercelli,2013,12535,-0.99,96,2
102,Verona,2013,4181776,-3.19,4,23
103,Vibo Valentia,2013,18474,0.0,93,102
104,Vicenza,2013,1103174,11.04,20,24
105,Viterbo,2013,340000,87.97,46,56
0,Agrigento,2014,862566,-30.69,23,84
1,Alessandria,2014,856216,-12.78,24,6
2,Ancona,2014,386766,-15.92,41,42
3,Arezzo,2014,373439,2.37,43,51
4,Ascoli Piceno,2014,525364,-3.87,34,44
5,Asti,2014,1262250,-4.9,13,5
6,Avellino,2014,261000,-33.08,50,64
7,Bari,2014,760000,-6.17,27,72
8,Barletta-Andria-Trani,2014,2000000,-16.67,7,110
9,Belluno,2014,4236,0.17,98,25
10,Benevento,2014,830000,-30.83,26,62
11,Bergamo,2014,33693,-23.37,84,16
12,Biella,2014,19497,-7.56,90,96
13,Bologna,2014,950965,-0.48,19,37
14,Bolzano/Bozen,2014,415681,-21.89,39,21
15,Brescia,2014,477329,6.75,37,17
16,Brindisi,2014,760000,-18.72,27,74
17,Cagliari,2014,328216,39.99,44,92
18,Caltanissetta,2014,529532,-36.58,33,85
19,Campobasso,2014,379440,11.43,42,70
20,Caserta,2014,152252,-20.37,64,61
21,Catania,2014,118146,-15.61,66,87
22,Catanzaro,2014,66600,-32.69,75,79
23,Chieti,2014,2387500,-17.0,6,69
24,Como,2014,785,-20.63,105,13
25,Cosenza,2014,161984,-13.92,59,78
26,Cremona,2014,2255,-37.81,102,19
27,Crotone,2014,159200,-19.31,60,101
28,Cuneo,2014,1150000,-4.96,15,4
29,Enna,2014,18627,-19.88,91,86
30,Fermo,2014,69294,-55.95,73,109
31,Ferrara,2014,78975,3.67,72,38
32,Firenze,2014,1072129,2.11,16,48
33,Foggia,2014,3800000,-18.72,2,71
34,Forlì-Cesena,2014,642886,-20.07,31,40
35,Frosinone,2014,95700,-44.04,69,60
36,Genova,2014,2760,-53.44,99,10
37,Gorizia,2014,409037,57.52,40,31
38,Grosseto,2014,516766,2.96,36,53
39,Imperia,2014,25600,2.4,87,8
40,Isernia,2014,24500,-59.74,88,94
41,L'Aquila,2014,24100,-46.44,89,66
42,La Spezia,2014,47000,17.5,79,11
43,Latina,2014,284470,-12.74,47,59
44,Lecce,2014,665000,-16.67,30,75
45,Lecco,2014,2549,-16.43,101,97
46,Livorno,2014,218714,1.26,52,49
47,Lodi,2014,1320,-18.01,103,98
48,Lucca,2014,45764,3.28,80,46
49,Macerata,2014,152595,-6.9,63,43
50,Mantova,2014,213235,-8.16,53,20
51,Massa-Carrara,2014,58967,-15.95,77,45
52,Matera,2014,58746,-38.93,78,77
53,Messina,2014,112389,-13.52,67,83
54,Milano,2014,14631,-12.59,93,15
55,Modena,2014,1365336,-5.01,10,36
56,Monza e della Brianza,2014,130,-13.33,106,108
57,Napoli,2014,192582,-19.92,55,63
58,Novara,2014,30402,-24.22,85,3
59,Nuoro,2014,295962,17.43,46,91
60,Oristano,2014,172613,56.49,57,95
61,Padova,2014,670325,-2.45,29,28
62,Palermo,2014,1348835,3.17,11,82
63,Parma,2014,106430,-13.1,68,34
64,Pavia,2014,1280546,-7.33,12,18
65,Perugia,2014,625000,-0.79,32,54
66,Pesaro e Urbino,2014,131223,21.73,65,41
67,Pescara,2014,222960,-48.74,51,68
68,Piacenza,2014,521450,-0.12,35,33
69,Pisa,2014,171541,-22.03,58,50
70,Pistoia,2014,45485,12.73,81,47
71,Pordenone,2014,920865,56.71,20,93
72,Potenza,2014,88118,-31.36,70,76
73,Prato,2014,26267,34.7,86,100
74,Ragusa,2014,66947,-35.63,74,88
75,Ravenna,2014,3605590,-9.86,4,39
76,Reggio di Calabria,2014,66248,24.75,76,80
77,Reggio nell'Emilia,2014,1550110,10.01,9,35
78,Rieti,2014,34000,-32.0,83,57
79,Rimini,2014,180000,-12.0,56,99
80,Roma,2014,1157680,-12.18,14,58
81,Rovigo,2014,12296,2.62,95,29
82,Salerno,2014,281000,-53.78,49,65
83,Sassari,2014,454374,54.19,38,90
84,Savona,2014,13860,-23.85,94,9
85,Siena,2014,1608193,6.93,8,52
86,Siracusa,2014,157648,-18.32,62,89
87,Sondrio,2014,42554,-23.93,82,14
88,Sud Sardegna,2014,157689,-28.92,61,111
89,Taranto,2014,1050000,-24.73,17,73
90,Teramo,2014,283950,-13.11,48,67
91,Terni,2014,300000,-21.05,45,55
92,Torino,2014,83625,-29.14,71,1
93,Trapani,2014,3083501,-48.56,5,81
94,Trento,2014,1025700,-24.94,18,22
95,Treviso,2014,4488490,-8.31,1,26
96,Trieste,2014,16142,-20.1,92,32
97,Udine,2014,899567,39.77,22,30
98,Varese,2014,1080,-10.89,104,12
99,Venezia,2014,901125,0.42,21,27
100,Verbano-Cusio-Ossola,2014,2592,9.05,100,103
101,Vercelli,2014,11426,-8.85,96,2
102,Verona,2014,3639920,-12.96,3,23
103,Vibo Valentia,2014,11000,-40.46,97,102
104,Vicenza,2014,837111,-24.12,25,24
105,Viterbo,2014,210850,-37.99,54,56
0,Agrigento,2015,1281000,48.51,12,84
1,Alessandria,2015,801000,-6.45,26,6
2,Ancona,2015,431699,11.62,40,42
3,Arezzo,2015,426348,14.17,41,51
4,Ascoli Piceno,2015,578000,10.02,34,44
5,Asti,2015,1306965,3.54,11,5
6,Avellino,2015,380000,45.59,44,64
7,Bari,2015,810000,6.58,25,72
8,Barletta-Andria-Trani,2015,1961000,-1.95,7,110
9,Belluno,2015,6890,62.65,96,25
10,Benevento,2015,1167000,40.6,19,62
11,Bergamo,2015,32155,-4.56,83,16
12,Biella,2015,31960,63.92,85,96
13,Bologna,2015,1019831,7.24,22,37
14,Brescia,2015,514392,7.76,36,17
15,Brindisi,2015,800000,5.26,27,74
16,Cagliari,2015,409746,24.84,43,92
17,Caltanissetta,2015,627076,18.42,33,85
18,Campobasso,2015,482650,27.2,38,70
19,Caserta,2015,180906,18.82,58,61
20,Catania,2015,140000,18.5,64,87
21,Catanzaro,2015,90200,35.44,70,79
22,Chieti,2015,3125000,30.89,6,69
23,Como,2015,920,17.2,103,13
24,Cosenza,2015,185804,14.71,56,78
25,Cremona,2015,2090,-7.32,100,19
26,Crotone,2015,214926,35.0,53,101
27,Cuneo,2015,1250000,8.7,14,4
28,Enna,2015,23250,24.82,89,86
29,Fermo,2015,168700,143.46,59,109
30,Ferrara,2015,69840,-11.57,73,38
31,Firenze,2015,1190067,11.0,18,48
32,Foggia,2015,5700000,50.0,1,71
33,Forlì-Cesena,2015,708000,10.13,30,40
34,Frosinone,2015,275300,187.67,49,60
35,Genova,2015,2510,-9.06,98,10
36,Gorizia,2015,439129,7.36,39,31
37,Grosseto,2015,630420,21.99,32,53
38,Imperia,2015,24840,-2.97,87,8
39,Isernia,2015,40050,63.47,78,94
40,L'Aquila,2015,31000,28.63,86,66
41,La Spezia,2015,69235,47.31,74,11
42,Latina,2015,318000,11.79,47,59
43,Lecce,2015,711000,6.92,29,75
44,Lecco,2015,2105,-17.42,99,97
45,Livorno,2015,185324,-15.27,57,49
46,Lodi,2015,1530,15.91,101,98
47,Lucca,2015,32119,-29.82,84,46
48,Macerata,2015,161300,5.7,61,43
49,Mantova,2015,221177,3.72,51,20
50,Massa-Carrara,2015,45881,-22.19,77,45
51,Matera,2015,34032,-42.07,82,77
52,Messina,2015,150000,33.47,63,83
53,Milano,2015,15774,7.81,92,15
54,Modena,2015,1481642,8.52,8,36
55,Monza e della Brianza,2015,130,0.0,104,108
56,Napoli,2015,221970,15.26,50,63
57,Novara,2015,34335,12.94,81,3
58,Nuoro,2015,166039,-43.9,60,91
59,Oristano,2015,60400,-65.01,75,95
60,Padova,2015,780341,16.41,28,28
61,Palermo,2015,1150000,-14.74,20,82
62,Parma,2015,98185,-7.75,67,34
63,Pavia,2015,1212493,-5.31,16,18
64,Perugia,2015,680000,8.8,31,54
65,Pesaro e Urbino,2015,91900,-29.97,69,41
66,Pescara,2015,508140,127.91,37,68
67,Piacenza,2015,541160,3.78,35,33
68,Pisa,2015,207700,21.08,54,50
69,Pistoia,2015,36900,-18.87,80,47
70,Pordenone,2015,1227954,33.35,15,93
71,Potenza,2015,96011,8.96,68,76
72,Prato,2015,23905,-8.99,88,100
73,Ragusa,2015,112000,67.3,66,88
74,Ravenna,2015,3896100,8.06,4,39
75,Reggio di Calabria,2015,77462,16.93,72,80
76,Reggio nell'Emilia,2015,1481088,-4.45,9,35
77,Rieti,2015,38342,12.77,79,57
78,Rimini,2015,160153,-11.03,62,99
79,Roma,2015,1462298,26.31,10,58
80,Rovigo,2015,12173,-1.0,94,29
81,Salerno,2015,345750,23.04,46,65
82,Sassari,2015,413601,-8.97,42,90
83,Savona,2015,16500,19.05,91,9
84,Siena,2015,1256768,-21.85,13,52
85,Siracusa,2015,191000,21.16,55,89
86,Sondrio,2015,47391,11.37,76,14
87,Sud Sardegna,2015,133944,-15.06,65,111
88,Taranto,2015,1203000,14.57,17,73
89,Teramo,2015,305800,7.7,48,67
90,Terni,2015,380000,26.67,44,55
91,Torino,2015,84560,1.12,71,1
92,Trapani,2015,3842000,24.6,5,81
93,Treviso,2015,5430812,20.99,2,26
94,Trieste,2015,22265,37.93,90,32
95,Udine,2015,1018778,13.25,23,30
96,Varese,2015,1100,1.85,102,12
97,Venezia,2015,1000893,11.07,24,27
98,Verbano-Cusio-Ossola,2015,2880,11.11,97,103
99,Vercelli,2015,9858,-13.72,95,2
100,Verona,2015,4175439,14.71,3,23
101,Vibo Valentia,2015,12780,16.18,93,102
102,Vicenza,2015,1132910,35.34,21,24
103,Viterbo,2015,220000,4.34,52,56
0,Agrigento,2016,1283700,0.21,15,84
1,Alessandria,2016,895800,11.84,25,6
2,Ancona,2016,430500,-0.28,42,42
3,Arezzo,2016,402885,-5.5,44,51
4,Ascoli Piceno,2016,555630,-3.87,34,44
5,Asti,2016,1321716,1.13,12,5
6,Avellino,2016,260000,-31.58,50,64
7,Bari,2016,874000,7.9,26,72
8,Barletta-Andria-Trani,2016,2591500,32.15,7,110
9,Belluno,2016,11487,66.72,97,25
10,Benevento,2016,840000,-28.02,28,62
11,Bergamo,2016,27350,-14.94,88,16
12,Biella,2016,22000,-31.16,91,96
13,Bologna,2016,1065600,4.49,22,37
14,Bolzano/Bozen,2016,499800,20.24,38,21
15,Brescia,2016,531888,3.4,35,17
16,Brindisi,2016,850000,6.25,27,74
17,Cagliari,2016,400558,-2.24,45,92
18,Caltanissetta,2016,395200,-36.98,46,85
19,Campobasso,2016,530750,9.97,36,70
20,Caserta,2016,180067,-0.46,61,61
21,Catania,2016,140000,0.0,67,87
22,Catanzaro,2016,80750,-10.48,74,79
23,Chieti,2016,4186000,33.95,4,69
24,Como,2016,920,0.0,105,13
25,Cosenza,2016,204100,9.85,56,78
26,Cremona,2016,1650,-21.05,102,19
27,Crotone,2016,220462,2.58,52,101
28,Cuneo,2016,1295000,3.6,14,4
29,Enna,2016,21700,-6.67,92,86
30,Fermo,2016,167780,-0.55,63,109
31,Ferrara,2016,88033,26.05,72,38
32,Firenze,2016,1163600,-2.22,19,48
33,Foggia,2016,6300000,10.53,1,71
34,Forlì-Cesena,2016,755820,6.75,31,40
35,Frosinone,2016,241500,-12.28,51,60
36,Genova,2016,4500,79.28,99,10
37,Gorizia,2016,438129,-0.23,41,31
38,Grosseto,2016,560025,-11.17,33,53
39,Imperia,2016,31850,28.22,86,8
40,Isernia,2016,40050,0.0,81,94
41,L'Aquila,2016,44800,44.52,80,66
42,La Spezia,2016,54360,-21.48,77,11
43,Latina,2016,339000,6.6,48,59
44,Lecce,2016,803462,13.0,30,75
45,Lecco,2016,1994,-5.27,101,97
46,Livorno,2016,189920,2.48,60,49
47,Lodi,2016,1530,0.0,103,98
48,Lucca,2016,32119,0.0,85,46
49,Macerata,2016,160545,-0.47,64,43
50,Mantova,2016,196612,-11.11,58,20
51,Massa-Carrara,2016,49845,8.64,79,45
52,Matera,2016,35050,2.99,83,77
53,Messina,2016,150000,0.0,65,83
54,Milano,2016,16156,2.42,94,15
55,Modena,2016,1590600,7.35,11,36
56,Monza e della Brianza,2016,124,-4.62,106,108
57,Napoli,2016,201000,-9.45,57,63
58,Novara,2016,30798,-10.3,87,3
59,Nuoro,2016,209382,26.1,55,91
60,Oristano,2016,74147,22.76,76,95
61,Padova,2016,811564,4.0,29,28
62,Palermo,2016,1150000,0.0,21,82
63,Parma,2016,93607,-4.66,70,34
64,Pavia,2016,1267134,4.51,16,18
65,Perugia,2016,650000,-4.41,32,54
66,Pesaro e Urbino,2016,91500,-0.44,71,41
67,Pescara,2016,465000,-8.49,40,68
68,Piacenza,2016,495631,-8.41,39,33
69,Pisa,2016,210500,1.35,54,50
70,Pistoia,2016,33197,-10.04,84,47
71,Pordenone,2016,1227954,0.0,18,93
72,Potenza,2016,95550,-0.48,69,76
73,Prato,2016,23405,-2.09,89,100
74,Ragusa,2016,107000,-4.46,68,88
75,Ravenna,2016,3936520,1.04,5,39
76,Reggio di Calabria,2016,77806,0.44,75,80
77,Reggio nell'Emilia,2016,1600000,8.03,10,35
78,Rieti,2016,38340,-0.01,82,57
79,Rimini,2016,169996,6.15,62,99
80,Roma,2016,1302063,-10.96,13,58
81,Rovigo,2016,15531,27.59,95,29
82,Salerno,2016,353500,2.24,47,65
83,Sassari,2016,511266,23.61,37,90
84,Savona,2016,16600,0.61,93,9
85,Siena,2016,1630803,29.76,9,52
86,Siracusa,2016,191000,0.0,59,89
87,Sondrio,2016,54340,14.66,78,14
88,Sud Sardegna,2016,146218,9.16,66,111
89,Taranto,2016,1758600,46.18,8,73
90,Teramo,2016,416600,36.23,43,67
91,Terni,2016,331998,-12.63,49,55
92,Torino,2016,83120,-1.7,73,1
93,Trapani,2016,3920000,2.03,6,81
94,Trento,2016,1159704,13.06,20,22
95,Treviso,2016,5394439,-0.67,2,26
96,Trieste,2016,22265,0.0,90,32
97,Udine,2016,1018779,0.0,23,30
98,Varese,2016,1150,4.55,104,12
99,Venezia,2016,936824,-6.4,24,27
100,Verbano-Cusio-Ossola,2016,3500,21.53,100,103
101,Vercelli,2016,10000,1.44,98,2
102,Verona,2016,4633111,10.96,3,23
103,Vibo Valentia,2016,12780,0.0,96,102
104,Vicenza,2016,1237408,9.22,17,24
105,Viterbo,2016,220000,0.0,53,56
0,Agrigento,2017,1278400,-0.41,9,84
1,Alessandria,2017,685780,-23.44,29,6
2,Ancona,2017,397950,-7.56,40,42
3,Arezzo,2017,264840,-34.26,48,51
4,Ascoli Piceno,2017,548300,-1.32,33,44
5,Asti,2017,1122500,-15.07,13,5
6,Avellino,2017,290000,11.54,47,64
7,Bari,2017,770000,-11.9,25,72
8,Barletta-Andria-Trani,2017,2543000,-1.87,7,110
9,Belluno,2017,12142,5.7,95,25
10,Benevento,2017,864980,2.97,22,62
11,Bergamo,2017,35447,29.61,82,16
12,Biella,2017,16020,-27.18,92,96
13,Bologna,2017,832102,-21.91,24,37
14,Bolzano/Bozen,2017,404624,-19.04,39,21
15,Brescia,2017,429636,-19.22,37,17
16,Brindisi,2017,870000,2.35,21,74
17,Cagliari,2017,6770,-98.31,98,92
18,Caltanissetta,2017,296870,-24.88,46,85
19,Campobasso,2017,504300,-4.98,34,70
20,Caserta,2017,180067,0.0,54,61
21,Catania,2017,140000,0.0,63,87
22,Catanzaro,2017,73550,-8.92,73,79
23,Chieti,2017,3640000,-13.04,4,69
24,Como,2017,1075,16.85,105,13
25,Cosenza,2017,163280,-20.0,58,78
26,Cremona,2017,1400,-15.15,102,19
27,Crotone,2017,176324,-20.02,56,101
28,Cuneo,2017,1067000,-17.61,14,4
29,Enna,2017,18600,-14.29,90,86
30,Fermo,2017,155414,-7.37,59,109
31,Ferrara,2017,79460,-9.74,71,38
32,Firenze,2017,712300,-38.78,28,48
33,Foggia,2017,7016250,11.37,1,71
34,Forlì-Cesena,2017,598155,-20.86,31,40
35,Frosinone,2017,193000,-20.08,52,60
36,Genova,2017,4500,0.0,99,10
37,Gorizia,2017,372976,-14.87,41,31
38,Grosseto,2017,458470,-18.13,36,53
39,Imperia,2017,61500,93.09,74,8
40,Isernia,2017,38035,-5.03,80,94
41,L'Aquila,2017,43750,-2.34,77,66
42,La Spezia,2017,54216,-0.26,75,11
43,Latina,2017,298700,-11.89,45,59
44,Lecce,2017,637070,-20.71,30,75
45,Lecco,2017,2385,19.61,101,97
46,Livorno,2017,164740,-13.26,57,49
47,Lodi,2017,1309,-14.44,103,98
48,Lucca,2017,21145,-34.17,88,46
49,Macerata,2017,154100,-4.01,60,43
50,Mantova,2017,177355,-9.79,55,20
51,Massa-Carrara,2017,34013,-31.76,85,45
52,Matera,2017,37300,6.42,81,77
53,Messina,2017,150000,0.0,61,83
54,Milano,2017,14076,-12.87,93,15
55,Modena,2017,1137555,-28.48,12,36
56,Monza e della Brianza,2017,100,-19.35,106,108
57,Napoli,2017,223000,10.95,50,63
58,Novara,2017,29241,-5.06,86,3
59,Nuoro,2017,127709,-39.01,66,91
60,Oristano,2017,40900,-44.84,79,95
61,Padova,2017,720635,-11.2,27,28
62,Palermo,2017,1150000,0.0,11,82
63,Parma,2017,131798,40.8,65,34
64,Pavia,2017,995000,-21.48,18,18
65,Perugia,2017,590000,-9.23,32,54
66,Pesaro e Urbino,2017,87800,-4.04,70,41
67,Pescara,2017,467743,0.59,35,68
68,Piacenza,2017,427144,-13.82,38,33
69,Pisa,2017,138000,-34.44,64,50
70,Pistoia,2017,34063,2.61,84,47
71,Pordenone,2017,1037120,-15.54,16,93
72,Potenza,2017,109680,14.79,68,76
73,Prato,2017,13153,-43.8,94,100
74,Ragusa,2017,107000,0.0,69,88
75,Ravenna,2017,3031120,-23.0,6,39
76,Reggio di Calabria,2017,44942,-42.24,76,80
77,Reggio nell'Emilia,2017,1217000,-23.94,10,35
78,Rieti,2017,34980,-8.76,83,57
79,Rimini,2017,111000,-34.7,67,99
80,Roma,2017,1001000,-23.12,17,58
81,Rovigo,2017,16906,8.85,91,29
82,Salerno,2017,303300,-14.2,44,65
83,Sassari,2017,256364,-49.86,49,90
84,Savona,2017,24862,49.77,87,9
85,Siena,2017,950250,-41.73,19,52
86,Siracusa,2017,191000,0.0,53,89
87,Sondrio,2017,43743,-19.5,78,14
88,Sud Sardegna,2017,331337,126.6,43,111
89,Taranto,2017,1432000,-18.57,8,73
90,Teramo,2017,333300,-20.0,42,67
91,Terni,2017,219154,-33.99,51,55
92,Torino,2017,75600,-9.05,72,1
93,Trapani,2017,3248000,-17.14,5,81
94,Trento,2017,1039748,-10.34,15,22
95,Treviso,2017,4972787,-7.82,2,26
96,Trieste,2017,18970,-14.8,89,32
97,Udine,2017,861036,-15.48,23,30
98,Varese,2017,1230,6.96,104,12
99,Venezia,2017,918513,-1.95,20,27
100,Verbano-Cusio-Ossola,2017,4000,14.29,100,103
101,Vercelli,2017,8190,-18.1,97,2
102,Verona,2017,3655810,-21.09,3,23
103,Vibo Valentia,2017,9750,-23.71,96,102
104,Vicenza,2017,725766,-41.35,26,24
105,Viterbo,2017,140400,-36.18,62,56
0,Agrigento,2018,1276850,-0.12,17,84
1,Alessandria,2018,870600,26.95,26,6
2,Ancona,2018,412562,3.67,43,42
3,Arezzo,2018,374384,41.36,45,51
4,Ascoli Piceno,2018,553469,0.94,35,44
5,Asti,2018,1382535,23.17,14,5
6,Avellino,2018,370000,27.59,46,64
7,Bari,2018,793200,3.01,30,72
8,Barletta-Andria-Trani,2018,2598000,2.16,7,110
9,Belluno,2018,25381,109.03,88,25
10,Benevento,2018,854000,-1.27,27,62
11,Bergamo,2018,45378,28.02,78,16
12,Biella,2018,22465,40.23,90,96
13,Bologna,2018,1194800,43.59,20,37
14,Bolzano/Bozen,2018,508435,25.66,37,21
15,Brescia,2018,672510,56.53,31,17
16,Brindisi,2018,900000,3.45,25,74
17,Cagliari,2018,7954,17.49,98,92
18,Caltanissetta,2018,489000,64.72,38,85
19,Campobasso,2018,622300,23.4,32,70
20,Caserta,2018,180067,0.0,58,61
21,Catania,2018,140000,0.0,65,87
22,Catanzaro,2018,61250,-16.72,73,79
23,Chieti,2018,3655000,0.41,5,69
24,Como,2018,1225,13.95,105,13
25,Cosenza,2018,182874,12.0,57,78
26,Cremona,2018,1392,-0.57,103,19
27,Crotone,2018,192800,9.34,53,101
28,Cuneo,2018,1253500,17.48,19,4
29,Enna,2018,20150,8.33,93,86
30,Fermo,2018,156700,0.83,62,109
31,Ferrara,2018,81792,2.93,72,38
32,Firenze,2018,1017364,42.83,23,48
33,Foggia,2018,7600000,8.32,1,71
34,Forlì-Cesena,2018,817000,36.59,28,40
35,Frosinone,2018,171750,-11.01,60,60
36,Genova,2018,2510,-44.22,101,10
37,Gorizia,2018,386966,3.75,44,31
38,Grosseto,2018,463800,1.16,41,53
39,Imperia,2018,23340,-62.05,89,8
40,Isernia,2018,47850,25.81,77,94
41,L'Aquila,2018,43750,0.0,79,66
42,La Spezia,2018,54216,0.0,75,11
43,Latina,2018,192000,-35.72,54,59
44,Lecce,2018,614415,-3.56,33,75
45,Lecco,2018,3050,27.88,100,97
46,Livorno,2018,166690,1.18,61,49
47,Lodi,2018,1500,14.59,102,98
48,Lucca,2018,29600,39.99,87,46
49,Macerata,2018,155621,0.99,63,43
50,Mantova,2018,251423,41.76,50,20
51,Massa-Carrara,2018,31552,-7.24,85,45
52,Matera,2018,38811,4.05,81,77
53,Messina,2018,150000,0.0,64,83
54,Milano,2018,15500,10.12,95,15
55,Modena,2018,1377000,21.05,15,36
56,Monza e della Brianza,2018,122,22.0,106,108
57,Napoli,2018,239000,7.17,51,63
58,Novara,2018,34020,16.34,84,3
59,Nuoro,2018,123008,-3.68,66,91
60,Oristano,2018,41716,2.0,80,95
61,Padova,2018,1065384,47.84,22,28
62,Palermo,2018,805000,-30.0,29,82
63,Parma,2018,88175,-33.1,70,34
64,Pavia,2018,1392000,39.9,12,18
65,Perugia,2018,570000,-3.39,34,54
66,Pesaro e Urbino,2018,88276,0.54,69,41
67,Pescara,2018,467743,0.0,39,68
68,Piacenza,2018,467029,9.34,40,33
69,Pisa,2018,191017,38.42,55,50
70,Pistoia,2018,34093,0.09,83,47
71,Pordenone,2018,1073692,3.53,21,93
72,Potenza,2018,116610,6.32,67,76
73,Prato,2018,22267,69.29,91,100
74,Ragusa,2018,98000,-8.41,68,88
75,Ravenna,2018,4374100,44.31,4,39
76,Reggio di Calabria,2018,59279,31.9,74,80
77,Reggio nell'Emilia,2018,1528000,25.55,9,35
78,Rieti,2018,36120,3.26,82,57
79,Rimini,2018,200005,80.18,52,99
80,Roma,2018,1273000,27.17,18,58
81,Rovigo,2018,20829,23.2,92,29
82,Salerno,2018,313100,3.23,49,65
83,Sassari,2018,511285,99.44,36,90
84,Savona,2018,30050,20.87,86,9
85,Siena,2018,1466913,54.37,10,52
86,Siracusa,2018,191000,0.0,56,89
87,Sondrio,2018,51800,18.42,76,14
88,Sud Sardegna,2018,422037,27.37,42,111
89,Taranto,2018,1695000,18.37,8,73
90,Teramo,2018,348490,4.56,47,67
91,Terni,2018,320070,46.05,48,55
92,Torino,2018,84600,11.9,71,1
93,Trapani,2018,3575000,10.07,6,81
94,Trento,2018,1411496,35.75,11,22
95,Treviso,2018,7148525,43.75,2,26
96,Trieste,2018,20090,5.9,94,32
97,Udine,2018,918881,6.72,24,30
98,Varese,2018,1300,5.69,104,12
99,Venezia,2018,1386594,50.96,13,27
100,Verbano-Cusio-Ossola,2018,3690,-7.75,99,103
101,Vercelli,2018,14925,82.23,96,2
102,Verona,2018,5419708,48.25,3,23
103,Vibo Valentia,2018,11658,19.57,97,102
104,Vicenza,2018,1342929,85.04,16,24
105,Viterbo,2018,175450,24.96,59,56
0,Agrigento,2019,2135550,67.25,8,84
1,Alessandria,2019,805920,-7.43,27,6
2,Ancona,2019,412562,0.0,39,42
3,Arezzo,2019,399990,6.84,40,51
4,Ascoli Piceno,2019,553469,0.0,34,44
5,Asti,2019,1243105,-10.09,14,5
6,Avellino,2019,325000,-12.16,46,64
7,Bari,2019,804000,1.36,29,72
8,Barletta-Andria-Trani,2019,2598000,0.0,7,110
9,Belluno,2019,21587,-14.95,92,25
10,Benevento,2019,982500,15.05,21,62
11,Bergamo,2019,35139,-22.56,82,16
12,Biella,2019,22355,-0.49,89,96
13,Bologna,2019,868600,-27.3,26,37
14,Bolzano/Bozen,2019,453149,-10.87,37,21
15,Brescia,2019,536250,-20.26,35,17
16,Brindisi,2019,885000,-1.67,25,74
17,Cagliari,2019,5882,-26.05,98,92
18,Caltanissetta,2019,342300,-30.0,43,85
19,Campobasso,2019,731750,17.59,30,70
20,Caserta,2019,181106,0.58,59,61
21,Catania,2019,140000,0.0,65,87
22,Catanzaro,2019,59400,-3.02,74,79
23,Chieti,2019,3655000,0.0,4,69
24,Como,2019,1180,-3.67,105,13
25,Cosenza,2019,142642,-22.0,64,78
26,Cremona,2019,1210,-13.07,103,19
27,Crotone,2019,169255,-12.21,61,101
28,Cuneo,2019,1371578,9.42,12,4
29,Enna,2019,21700,7.69,91,86
30,Fermo,2019,156700,0.0,62,109
31,Ferrara,2019,74368,-9.08,73,38
32,Firenze,2019,1045000,2.72,19,48
33,Foggia,2019,7600000,0.0,1,71
34,Forlì-Cesena,2019,641360,-21.5,31,40
35,Frosinone,2019,171750,0.0,60,60
36,Genova,2019,3099,23.47,100,10
37,Gorizia,2019,386966,0.0,41,31
38,Grosseto,2019,433500,-6.53,38,53
39,Imperia,2019,23340,0.0,88,8
40,Isernia,2019,47310,-1.13,78,94
41,L'Aquila,2019,43750,0.0,79,66
42,La Spezia,2019,54216,0.0,75,11
43,Latina,2019,275000,43.23,50,59
44,Lecce,2019,611325,-0.5,32,75
45,Lecco,2019,2900,-4.92,101,97
46,Livorno,2019,190750,14.43,57,49
47,Lodi,2019,1500,0.0,102,98
48,Lucca,2019,29570,-0.1,86,46
49,Macerata,2019,155621,0.0,63,43
50,Mantova,2019,214261,-14.78,53,20
51,Massa-Carrara,2019,33540,6.3,84,45
52,Matera,2019,38811,0.0,81,77
53,Messina,2019,190000,26.67,58,83
54,Milano,2019,16000,3.23,95,15
55,Modena,2019,1044900,-24.12,20,36
56,Monza e della Brianza,2019,110,-9.84,106,108
57,Napoli,2019,219000,-8.37,52,63
58,Novara,2019,32776,-3.66,85,3
59,Nuoro,2019,129782,5.51,66,91
60,Oristano,2019,47722,14.4,77,95
61,Padova,2019,923886,-13.28,23,28
62,Palermo,2019,805770,0.1,28,82
63,Parma,2019,87322,-0.97,70,34
64,Pavia,2019,1060245,-23.83,18,18
65,Perugia,2019,600000,5.26,33,54
66,Pesaro e Urbino,2019,88276,0.0,69,41
67,Pescara,2019,467743,0.0,36,68
68,Piacenza,2019,379863,-18.66,42,33
69,Pisa,2019,204800,7.22,54,50
70,Pistoia,2019,34074,-0.06,83,47
71,Pordenone,2019,1073692,0.0,17,93
72,Potenza,2019,116610,0.0,67,76
73,Prato,2019,22318,0.23,90,100
74,Ragusa,2019,94000,-4.08,68,88
75,Ravenna,2019,3094420,-29.26,5,39
76,Reggio di Calabria,2019,76153,28.47,72,80
77,Reggio nell'Emilia,2019,1498000,-1.96,10,35
78,Rieti,2019,41800,15.73,80,57
79,Rimini,2019,191520,-4.24,55,99
80,Roma,2019,1273000,0.0,13,58
81,Rovigo,2019,16372,-21.4,94,29
82,Salerno,2019,312394,-0.23,49,65
83,Sassari,2019,320237,-37.37,47,90
84,Savona,2019,27700,-7.82,87,9
85,Siena,2019,1466913,0.0,11,52
86,Siracusa,2019,191000,0.0,56,89
87,Sondrio,2019,49000,-5.41,76,14
88,Sud Sardegna,2019,333687,-20.93,44,111
89,Taranto,2019,1695000,0.0,9,73
90,Teramo,2019,313640,-10.0,48,67
91,Terni,2019,329470,2.94,45,55
92,Torino,2019,86176,1.86,71,1
93,Trapani,2019,2862000,-19.94,6,81
94,Trento,2019,1170000,-17.11,15,22
95,Treviso,2019,6196448,-13.32,2,26
96,Trieste,2019,20090,0.0,93,32
97,Udine,2019,918881,0.0,24,30
98,Varese,2019,1190,-8.46,104,12
99,Venezia,2019,1155750,-16.65,16,27
100,Verbano-Cusio-Ossola,2019,3295,-10.7,99,103
101,Vercelli,2019,12240,-17.99,97,2
102,Verona,2019,3862447,-28.73,3,23
103,Vibo Valentia,2019,12500,7.22,96,102
104,Vicenza,2019,982287,-26.85,22,24
105,Viterbo,2019,220680,25.78,51,56
0,Agrigento,2020,2144000,0.4,8,84
1,Alessandria,2020,845189,4.87,27,6
2,Ancona,2020,412562,0.0,42,42
3,Arezzo,2020,339260,-15.18,44,51
4,Ascoli Piceno,2020,553469,0.0,35,44
5,Asti,2020,1282875,3.2,16,5
6,Avellino,2020,315600,-2.89,47,64
7,Bari,2020,816500,1.55,28,72
8,Barletta-Andria-Trani,2020,2684000,3.31,7,110
9,Belluno,2020,22511,4.28,91,25
10,Benevento,2020,1017450,3.56,24,62
11,Bergamo,2020,42199,20.09,80,16
12,Biella,2020,23091,3.29,90,96
13,Bologna,2020,923535,6.32,25,37
14,Bolzano/Bozen,2020,444041,-2.01,41,21
15,Brescia,2020,644280,20.15,32,17
16,Brindisi,2020,870000,-1.69,26,74
17,Cagliari,2020,6386,8.57,98,92
18,Caltanissetta,2020,463240,35.33,39,85
19,Campobasso,2020,730600,-0.16,30,70
20,Caserta,2020,180267,-0.46,59,61
21,Catania,2020,145600,4.0,64,87
22,Catanzaro,2020,60500,1.85,74,79
23,Chieti,2020,3655000,0.0,4,69
24,Como,2020,1405,19.07,103,13
25,Cosenza,2020,145952,2.32,63,78
26,Cremona,2020,1330,9.92,104,19
27,Crotone,2020,132420,-21.76,65,101
28,Cuneo,2020,1303695,-4.95,15,4
29,Enna,2020,21700,0.0,92,86
30,Fermo,2020,156700,0.0,61,109
31,Ferrara,2020,80897,8.78,71,38
32,Firenze,2020,1045000,0.0,22,48
33,Foggia,2020,7600000,0.0,1,71
34,Forlì-Cesena,2020,716000,11.64,31,40
35,Frosinone,2020,213060,24.05,53,60
36,Genova,2020,5725,84.74,99,10
37,Gorizia,2020,462766,19.59,40,31
38,Grosseto,2020,553000,27.57,36,53
39,Imperia,2020,23600,1.11,89,8
40,Isernia,2020,24225,-48.8,88,94
41,L'Aquila,2020,43750,0.0,78,66
42,La Spezia,2020,54216,0.0,75,11
43,Latina,2020,276050,0.38,50,59
44,Lecce,2020,616795,0.89,33,75
45,Lecco,2020,3200,10.34,100,97
46,Livorno,2020,190770,0.01,57,49
47,Lodi,2020,1500,0.0,102,98
48,Lucca,2020,29030,-1.83,86,46
49,Macerata,2020,155621,0.0,62,43
50,Mantova,2020,235655,9.99,51,20
51,Massa-Carrara,2020,38240,14.01,83,45
52,Matera,2020,38811,0.0,82,77
53,Messina,2020,185000,-2.63,58,83
54,Milano,2020,15200,-5.0,95,15
55,Modena,2020,1406700,34.63,12,36
56,Monza e della Brianza,2020,120,9.09,106,108
57,Napoli,2020,230000,5.02,52,63
58,Novara,2020,41650,27.07,81,3
59,Nuoro,2020,129782,0.0,66,91
60,Oristano,2020,47722,0.0,76,95
61,Padova,2020,1020400,10.45,23,28
62,Palermo,2020,805770,0.0,29,82
63,Parma,2020,63209,-27.61,73,34
64,Pavia,2020,1186269,11.89,20,18
65,Perugia,2020,600000,0.0,34,54
66,Pesaro e Urbino,2020,88276,0.0,70,41
67,Pescara,2020,466743,-0.21,38,68
68,Piacenza,2020,498959,31.35,37,33
69,Pisa,2020,207414,1.28,54,50
70,Pistoia,2020,34073,-0.0,84,47
71,Pordenone,2020,1404799,30.84,13,93
72,Potenza,2020,116610,0.0,67,76
73,Prato,2020,18228,-18.33,94,100
74,Ragusa,2020,94000,0.0,68,88
75,Ravenna,2020,3548640,14.68,5,39
76,Reggio di Calabria,2020,80274,5.41,72,80
77,Reggio nell'Emilia,2020,1590000,6.14,9,35
78,Rieti,2020,43000,2.87,79,57
79,Rimini,2020,178300,-6.9,60,99
80,Roma,2020,1268857,-0.33,17,58
81,Rovigo,2020,25069,53.12,87,29
82,Salerno,2020,315000,0.83,48,65
83,Sassari,2020,320237,0.0,46,90
84,Savona,2020,30120,8.74,85,9
85,Siena,2020,1466913,0.0,11,52
86,Siracusa,2020,191000,0.0,56,89
87,Sondrio,2020,44000,-10.2,77,14
88,Sud Sardegna,2020,333687,0.0,45,111
89,Taranto,2020,1497000,-11.68,10,73
90,Teramo,2020,313640,0.0,49,67
91,Terni,2020,348739,5.85,43,55
92,Torino,2020,89875,4.29,69,1
93,Trapani,2020,2700000,-5.66,6,81
94,Trento,2020,1220000,4.27,18,22
95,Treviso,2020,6008243,-3.04,2,26
96,Trieste,2020,20513,2.11,93,32
97,Udine,2020,1203572,30.98,19,30
98,Varese,2020,1310,10.08,105,12
99,Venezia,2020,1326012,14.73,14,27
100,Verbano-Cusio-Ossola,2020,3060,-7.13,101,103
101,Vercelli,2020,15105,23.41,96,2
102,Verona,2020,4497071,16.43,3,23
103,Vibo Valentia,2020,12500,0.0,97,102
104,Vicenza,2020,1165920,18.69,21,24
105,Viterbo,2020,200400,-9.19,55,56
0,Agrigento,2021,2081700,-2.91,8,84
1,Alessandria,2021,983600,16.38,22,6
2,Ancona,2021,412562,0.0,41,42
3,Arezzo,2021,232534,-31.46,51,51
4,Ascoli Piceno,2021,553469,0.0,36,44
5,Asti,2021,1241400,-3.23,16,5
6,Avellino,2021,315600,0.0,47,64
7,Bari,2021,816500,0.0,28,72
8,Barletta-Andria-Trani,2021,2684000,0.0,7,110
9,Belluno,2021,28127,24.95,89,25
10,Benevento,2021,1114000,9.49,19,62
11,Bergamo,2021,34357,-18.58,84,16
12,Biella,2021,12757,-44.75,95,96
13,Bologna,2021,873480,-5.42,27,37
14,Bolzano/Bozen,2021,453334,2.09,40,21
15,Brescia,2021,594038,-7.8,34,17
16,Brindisi,2021,920000,5.75,24,74
17,Cagliari,2021,6386,0.0,98,92
18,Caltanissetta,2021,401880,-13.25,42,85
19,Campobasso,2021,707075,-3.22,31,70
20,Caserta,2021,182524,1.25,59,61
21,Catania,2021,145600,0.0,63,87
22,Catanzaro,2021,60500,0.0,73,79
23,Chieti,2021,3655000,0.0,5,69
24,Como,2021,1290,-8.19,103,13
25,Cosenza,2021,129179,-11.49,65,78
26,Cremona,2021,1259,-5.34,104,19
27,Crotone,2021,105880,-20.04,67,101
28,Cuneo,2021,1166650,-10.51,17,4
29,Enna,2021,21700,0.0,91,86
30,Fermo,2021,156700,0.0,60,109
31,Ferrara,2021,75833,-6.26,72,38
32,Firenze,2021,897118,-14.15,26,48
33,Foggia,2021,7600000,0.0,1,71
34,Forlì-Cesena,2021,577721,-19.31,35,40
35,Frosinone,2021,191020,-10.34,54,60
36,Genova,2021,5613,-1.96,99,10
37,Gorizia,2021,507910,9.76,37,31
38,Grosseto,2021,797003,44.12,30,53
39,Imperia,2021,23750,0.64,90,8
40,Isernia,2021,45190,86.54,76,94
41,L'Aquila,2021,43750,0.0,78,66
42,La Spezia,2021,54216,0.0,74,11
43,Latina,2021,296365,7.36,49,59
44,Lecce,2021,636300,3.16,32,75
45,Lecco,2021,3000,-6.25,100,97
46,Livorno,2021,187500,-1.71,57,49
47,Lodi,2021,1387,-7.53,102,98
48,Lucca,2021,34950,20.39,83,46
49,Macerata,2021,155621,0.0,61,43
50,Mantova,2021,241894,2.65,50,20
51,Massa-Carrara,2021,32380,-15.32,87,45
52,Matera,2021,38811,0.0,81,77
53,Messina,2021,185000,0.0,58,83
54,Milano,2021,13850,-8.88,94,15
55,Modena,2021,1357450,-3.5,13,36
56,Monza e della Brianza,2021,114,-5.0,106,108
57,Napoli,2021,227510,-1.08,52,63
58,Novara,2021,41360,-0.7,80,3
59,Nuoro,2021,129782,0.0,64,91
60,Oristano,2021,47722,0.0,75,95
61,Padova,2021,996128,-2.38,21,28
62,Palermo,2021,808520,0.34,29,82
63,Parma,2021,35175,-44.35,82,34
64,Pavia,2021,1048444,-11.62,20,18
65,Perugia,2021,610000,1.67,33,54
66,Pesaro e Urbino,2021,88276,0.0,70,41
67,Pescara,2021,466743,0.0,38,68
68,Piacenza,2021,461334,-7.54,39,33
69,Pisa,2021,189002,-8.88,56,50
70,Pistoia,2021,34076,0.01,85,47
71,Pordenone,2021,1523731,8.47,9,93
72,Potenza,2021,116610,0.0,66,76
73,Prato,2021,13855,-23.99,93,100
74,Ragusa,2021,95000,1.06,68,88
75,Ravenna,2021,3184664,-10.26,6,39
76,Reggio di Calabria,2021,80216,-0.07,71,80
77,Reggio nell'Emilia,2021,1494660,-6.0,10,35
78,Rieti,2021,42000,-2.33,79,57
79,Rimini,2021,152370,-14.54,62,99
80,Roma,2021,1268857,0.0,15,58
81,Rovigo,2021,21574,-13.94,92,29
82,Salerno,2021,321200,1.97,44,65
83,Sassari,2021,320237,0.0,46,90
84,Savona,2021,30190,0.23,88,9
85,Siena,2021,919099,-37.34,25,52
86,Siracusa,2021,191000,0.0,55,89
87,Sondrio,2021,44831,1.89,77,14
88,Sud Sardegna,2021,333687,0.0,43,111
89,Taranto,2021,1382000,-7.68,12,73
90,Teramo,2021,313640,0.0,48,67
91,Terni,2021,320530,-8.09,45,55
92,Torino,2021,93890,4.47,69,1
93,Trapani,2021,3780000,40.0,4,81
94,Trento,2021,1135000,-6.97,18,22
95,Treviso,2021,6568333,9.32,2,26
96,Trieste,2021,33860,65.07,86,32
97,Udine,2021,1320567,9.72,14,30
98,Varese,2021,1150,-12.21,105,12
99,Venezia,2021,1488356,12.24,11,27
100,Verbano-Cusio-Ossola,2021,3000,-1.96,100,103
101,Vercelli,2021,8462,-43.98,97,2
102,Verona,2021,3945198,-12.27,3,23
103,Vibo Valentia,2021,12500,0.0,96,102
104,Vicenza,2021,977948,-16.12,23,24
105,Viterbo,2021,220560,10.06,53,56
0,Agrigento,2022,1693900,-18.63,10,84
1,Alessandria,2022,944313,-3.99,22,6
2,Ancona,2022,542322,31.45,36,42
3,Arezzo,2022,232534,0.0,51,51
4,Ascoli Piceno,2022,588060,6.25,33,44
5,Asti,2022,915610,-26.24,24,5
6,Avellino,2022,315600,0.0,47,64
7,Bari,2022,911000,11.57,25,72
8,Barletta-Andria-Trani,2022,2227500,-17.01,8,110
9,Belluno,2022,19689,-30.0,90,25
10,Benevento,2022,1140000,2.33,20,62
11,Bergamo,2022,33063,-3.77,85,16
12,Biella,2022,10395,-18.52,96,96
13,Bologna,2022,867134,-0.73,27,37
14,Bolzano/Bozen,2022,496697,9.57,38,21
15,Brescia,2022,573644,-3.43,35,17
16,Brindisi,2022,938000,1.96,23,74
17,Cagliari,2022,6104,-4.42,98,92
18,Caltanissetta,2022,430000,7.0,40,85
19,Campobasso,2022,708300,0.17,30,70
20,Caserta,2022,179231,-1.8,58,61
21,Catania,2022,128200,-11.95,64,87
22,Catanzaro,2022,54900,-9.26,74,79
23,Chieti,2022,2710000,-25.85,7,69
24,Como,2022,1290,0.0,103,13
25,Cosenza,2022,129179,0.0,62,78
26,Cremona,2022,1170,-7.07,104,19
27,Crotone,2022,105980,0.09,67,101
28,Cuneo,2022,1151000,-1.34,19,4
29,Enna,2022,20615,-5.0,88,86
30,Fermo,2022,128700,-17.87,63,109
31,Ferrara,2022,94157,24.16,68,38
32,Firenze,2022,897118,0.0,26,48
33,Foggia,2022,7140000,-6.05,1,71
34,Forlì-Cesena,2022,641318,11.01,32,40
35,Frosinone,2022,191840,0.43,54,60
36,Genova,2022,4163,-25.83,99,10
37,Gorizia,2022,508858,0.19,37,31
38,Grosseto,2022,397250,-50.16,41,53
39,Imperia,2022,17000,-28.42,93,8
40,Isernia,2022,45190,0.0,78,94
41,L'Aquila,2022,58700,34.17,72,66
42,La Spezia,2022,56387,4.0,73,11
43,Latina,2022,296931,0.19,49,59
44,Lecce,2022,641500,0.82,31,75
45,Lecco,2022,2928,-2.4,100,97
46,Livorno,2022,157400,-16.05,60,49
47,Lodi,2022,1349,-2.74,102,98
48,Lucca,2022,41900,19.89,80,46
49,Macerata,2022,188476,21.11,56,43
50,Mantova,2022,241612,-0.12,50,20
51,Massa-Carrara,2022,33470,3.37,84,45
52,Matera,2022,39962,2.97,82,77
53,Messina,2022,185000,0.0,57,83
54,Milano,2022,13212,-4.61,94,15
55,Modena,2022,1306530,-3.75,14,36
56,Monza e della Brianza,2022,106,-7.02,106,108
57,Napoli,2022,207265,-8.9,53,63
58,Novara,2022,35160,-14.99,83,3
59,Nuoro,2022,130163,0.29,61,91
60,Oristano,2022,49462,3.65,76,95
61,Padova,2022,796902,-20.0,29,28
62,Palermo,2022,1832420,126.64,9,82
63,Parma,2022,40593,15.4,81,34
64,Pavia,2022,965403,-7.92,21,18
65,Perugia,2022,580000,-4.92,34,54
66,Pesaro e Urbino,2022,85145,-3.55,71,41
67,Pescara,2022,460920,-1.25,39,68
68,Piacenza,2022,392264,-14.97,42,33
69,Pisa,2022,173783,-8.05,59,50
70,Pistoia,2022,18193,-46.61,91,47
71,Pordenone,2022,1584073,3.96,11,93
72,Potenza,2022,106892,-8.33,66,76
73,Prato,2022,17445,25.91,92,100
74,Ragusa,2022,92000,-3.16,70,88
75,Ravenna,2022,3496000,9.78,4,39
76,Reggio di Calabria,2022,49380,-38.44,77,80
77,Reggio nell'Emilia,2022,1521508,1.8,12,35
78,Rieti,2022,53180,26.62,75,57
79,Rimini,2022,118577,-22.18,65,99
80,Roma,2022,1230315,-3.04,17,58
81,Rovigo,2022,23731,10.0,87,29
82,Salerno,2022,355800,10.77,43,65
83,Sassari,2022,349624,9.18,44,90
84,Savona,2022,29439,-2.49,86,9
85,Siena,2022,1196555,30.19,18,52
86,Siracusa,2022,191500,0.26,55,89
87,Sondrio,2022,44004,-1.84,79,14
88,Sud Sardegna,2022,333032,-0.2,45,111
89,Taranto,2022,3247000,134.95,6,73
90,Teramo,2022,324000,3.3,46,67
91,Terni,2022,305500,-4.69,48,55
92,Torino,2022,92295,-1.7,69,1
93,Trapani,2022,3370500,-10.83,5,81
94,Trento,2022,1250000,10.13,16,22
95,Treviso,2022,5583083,-15.0,2,26
96,Trieste,2022,20467,-39.55,89,32
97,Udine,2022,1358334,2.86,13,30
98,Varese,2022,1121,-2.52,105,12
99,Venezia,2022,1265104,-15.0,15,27
100,Verbano-Cusio-Ossola,2022,2710,-9.67,101,103
101,Vercelli,2022,6180,-26.97,97,2
102,Verona,2022,3708485,-6.0,3,23
103,Vibo Valentia,2022,12500,0.0,95,102
104,Vicenza,2022,806808,-17.5,28,24
105,Viterbo,2022,219900,-0.3,52,56
